ticker,name,type
ARCC,Ares Capital Corporation,Public
BCSF,Bain Capital Specialty Finance Inc.,Public
BBDC,Barings BDC Inc.,Public
BCIC,BCI Investment Corp.,Public
TCPC,BlackRock TCP Capital Corp.,Public
BXSL,Blackstone Secured Lending Fund,Public
OBDC,Blue Owl Capital Corporation,Public
OTF,Blue Owl Technology Finance Corp.,Public
CSWC,Capital Southwest Corporation,Public
CCBD,Carlyle Secured Lending Inc.,Public
LIEN,Chicago Atlantic BDC Inc.,Public
CION,CION Investment Corporation,Public
CCAP,Crescent Capital BDC Inc.,Public
EQS,Equus Total Return Inc.,Public
FDUS,Fidus Investment Corp.,Public
SVVC,Firsthand Technology Value Fund Inc.,Public
FSK,FS KKR Capital Corp.,Public
GMZP,GEMZ Corp.,Public
GLAD,Gladstone Capital Corporation,Public
GAIN,Gladstone Investment Corporation,Public
GSBD,Goldman Sachs BDC Inc.,Public
GBDC,Golub Capital BDC Inc.,Public
GECC,Great Elm Capital Corp.,Public
HTGC,Hercules Capital Inc.,Public
HRZN,Horizon Technology Finance Corp.,Public
ICMB,Investcorp Credit Management BDC Inc.,Public
KBDC,Kayne Anderson BDC Inc.,Public
MAIN,Main Street Capital Corporation,Public
MFIC,MidCap Financial Investment Corporation,Public
MRCC,Monroe Capital Corporation,Public
MSDL,Morgan Stanley Direct Lending Fund,Public
MSIF,MSC Income Fund Inc.,Public
NMFC,New Mountain Finance Corp.,Public
NCDL,Nuveen Churchill Direct Lending Corp.,Public
OCSL,Oaktree Specialty Lending Corp.,Public
OFS,OFS Capital Corp.,Public
OXSQ,Oxford Square Capital Corp.,Public
PSBD,Palmer Square Capital BDC Inc.,Public
PFLT,PennantPark Floating Rate Capital Ltd.,Public
PNNT,PennantPark Investment Corp.,Public
PFX,PhenixFIN Corporation,Public
PIAC,Princeton Capital Corp.,Public
PSEC,Prospect Capital Corporation,Public
RAND,Rand Capital Corp.,Public
RWAY,Runway Growth Finance Corp.,Public
SAR,Saratoga Investment Corp.,Public
TSLX,Sixth Street Specialty Lending Inc.,Public
SLRC,SLR Investment Corp.,Public
SCM,Stellus Capital Investment Corp.,Public
SSSS,SuRo Capital Corp.,Public
TRIN,Trinity Capital Inc.,Public
TPVG,TriplePoint Venture Growth BDC Corp.,Public
UCIX,Umbra Cos. Inc.,Public
WHF,WhiteHorse Finance Inc.,Public
,26North BDC Inc.,Private
,AB Private Credit Investors Corp.,Private
,AG Twin Brook BDC Inc.,Private
,AGL Private Credit Income Fund,Private
,American Capital Ltd.,Private
,Antares Private Credit Fund,Private
,Antares Strategic Credit Fund,Private
,Apollo Debt Solutions BDC,Private
,Apollo Origination II Levered Capital Trust,Private
,Ares Core Infrastructure Fund,Private
,Ares Strategic Income Fund,Private
,Audax Credit BDC Inc.,Private
,Bain Capital Private Credit,Private
,Barings Private Credit Corp,Private
,BC Partners Lending Corp,Private
,Billion Holding Inc.,Private
,BlackRock Capital Investment Corp.,Private
,BlackRock Direct Lending Corp.,Private
,BlackRock Private Credit Fund,Private
,Blackstone Private Credit Fund,Private
,Blue Owl Capital Corp. II,Private
,Blue Owl Credit Income Corp,Private
,Blue Owl Technology Income Corp,Private
,Brightwood Capital Corp I,Private
,Carlyle Credit Solutions Inc.,Private
,CCS IX Portfolio Holdings,Private
,Committed Capital Acquisition Corp. II,Private
,Diameter Credit Company,Private
,Digital Creative Development Corp.,Private
,Endless Charge Inc.,Private
,Fidelity Private Credit Company LLC,Private
,Fidelity Private Credit Fund,Private
,First Eagle Alternative Capital BDC Inc.,Private
,Franklin BSP Capital Corp,Private
,Franklin BSP Lending Corp.,Private
,FS Investment Corp. II,Private
,Goldman Sachs Private Credit Corp,Private
,Goldman Sachs Private Middle Market Credit II LLC,Private
,Golub Capital BDC 4 Inc.,Private
,Golub Capital Direct Lending Corp.,Private
,Golub Capital Private Credit Fund,Private
,Hancock Park Corporate Income Inc.,Private
,HPS Corporate Capital Solutions Fund,Private
,HPS Corporate Lending Fund,Private
,Jefferies Credit Partners BDC Inc.,Private
,John Hancock Convert Private Income Fund,Private
,Kennedy Lewis Capital Company,Private
,KKR Enhanced US Direct Lending Fund-I Inc.,Private
,KKR FS Income Trust,Private
,Lafayette Square USA Inc.,Private
,Lord Abbett Private Credit Fund,Private
,MCG Capital Corp.,Private
,MidCap Apollo Institutional Private Lending,Private
,Monroe Capital Income Plus Corp.,Private
,Morris Business Development Co.,Private
,MSD Investment Corp,Private
,Muzinich BDC Inc.,Private
,New Mountain Guardian IV BDC LLC,Private
,New Mountain Private Credit Fund,Private
,NewPoint Capital Inc.,Private
,NMF SLF I Inc.,Private
,North Haven Private Income Fund LLC,Private
,Nuveen Churchill Private Capital Income Fund,Private
,Oaktree Gardens OLP LLC,Private
,Oaktree Strategic Credit Fund,Private
,Oaktree Strategic Income II Inc.,Private
,OHA Investment Corp.,Private
,Overland Advantage,Private
,Pharos Capital BDC Inc.,Private
,Phillip Street Middle Market Lending Fund LLC,Private
,PIMCO Capital Solutions BDC Corp.,Private
,Prospect Floating Rate and Alternative Income Fund Inc.,Private
,SCP Private Credit Income BDC LLC,Private
,Sierra Income Corp.,Private
,Silver Capital Holdings LLC,Private
,Silver Point Specialty Lending Fund,Private
,Sixth Street Lending Partners,Private
,SLR Senior Investment Corp,Private
,StepStone Private Credit Fund LLC,Private
,Stone Point Credit Corp,Private
,T Series Middle Market Loan Fund LLC,Private
,T. Rowe Price OHA Select Private Credit Fund,Private
,TCW Direct Lending LLC,Private
,TCW Direct Lending VII LLC,Private
,TCW Direct Lending VIII LLC,Private
,TPG Twin Brook Capital Income Fund,Private
,United Capital Consultants Inc.,Private
,Varagon Capital Corp,Private
,Venture Lending and Leasing IX Inc.,Private
,Venture Lending and Leasing VIII Inc.,Private
,Vista Credit Strategic Lending Corp.,Private
,Wells Fargo Direct Lending Corp.,Private
